Filename,Class_ID,Subject_ID,Num_points
a1.txt,A,1,1618
a2.txt,A,2,3495
a3.txt,A,3,3050
a4.txt,A,4,2091
a5.txt,A,5,4348
a6.txt,A,6,4728
a7.txt,A,7,4079
a8.txt,A,8,2240
a9.txt,A,9,1618
a10.txt,A,10,2331
a11.txt,A,11,2508
a12.txt,A,12,4299
a13.txt,A,13,3879
a14.txt,A,14,4105
a15.txt,A,15,2598
b1.txt,B,1,2307
b2.txt,B,2,4444
b3.txt,B,3,4428
b4.txt,B,4,2531
b5.txt,B,5,5532
b6.txt,B,6,7340
b7.txt,B,7,5083
b8.txt,B,8,3269
b9.txt,B,9,4925
b10.txt,B,10,4183
b11.txt,B,11,3958
b12.txt,B,12,4029
b13.txt,B,13,5406
b14.txt,B,14,4929
b15.txt,B,15,5279
c1.txt,C,1,2537
c2.txt,C,2,2993
c3.txt,C,3,3046
c4.txt,C,4,2079
c5.txt,C,5,3289
c6.txt,C,6,3197
c7.txt,C,7,3122
c8.txt,C,8,2719
c9.txt,C,9,3168
c10.txt,C,10,2353
c11.txt,C,11,3634
c12.txt,C,12,2351
c13.txt,C,13,3557
c14.txt,C,14,2934
c15.txt,C,15,3709
d1.txt,D,1,1758
d2.txt,D,2,2657
d3.txt,D,3,3299
d4.txt,D,4,2204
d5.txt,D,5,4230
d6.txt,D,6,4282
d7.txt,D,7,3354
d8.txt,D,8,1974
d9.txt,D,9,3247
d10.txt,D,10,2786
d11.txt,D,11,2334
d12.txt,D,12,2467
d13.txt,D,13,2565
d14.txt,D,14,2340
d15.txt,D,15,3426
e1.txt,E,1,1783
e2.txt,E,2,3800
e3.txt,E,3,3816
e4.txt,E,4,1884
e5.txt,E,5,5257
e6.txt,E,6,6083
e7.txt,E,7,4453
e8.txt,E,8,2175
e9.txt,E,9,3888
e10.txt,E,10,3263
e11.txt,E,11,3593
e12.txt,E,12,3300
e13.txt,E,13,5303
e14.txt,E,14,4842
e15.txt,E,15,5299
f1.txt,F,1,2266
f2.txt,F,2,3278
f3.txt,F,3,3661
f4.txt,F,4,2209
f5.txt,F,5,5101
f6.txt,F,6,6509
f7.txt,F,7,4331
f8.txt,F,8,3335
f9.txt,F,9,4014
f10.txt,F,10,3681
f11.txt,F,11,3090
f12.txt,F,12,3864
f13.txt,F,13,3002
f14.txt,F,14,2844
f15.txt,F,15,3078
g1.txt,G,1,2260
g2.txt,G,2,3456
g3.txt,G,3,3478
g4.txt,G,4,2947
g5.txt,G,5,2976
g6.txt,G,6,5461
g7.txt,G,7,3530
g8.txt,G,8,3059
g9.txt,G,9,4001
g10.txt,G,10,3918
g11.txt,G,11,3357
g12.txt,G,12,4540
g13.txt,G,13,3718
g14.txt,G,14,5318
g15.txt,G,15,4351
h1.txt,H,1,1864
h2.txt,H,2,3444
h3.txt,H,3,3780
h4.txt,H,4,2984
h5.txt,H,5,4764
h6.txt,H,6,6612
h7.txt,H,7,3677
h8.txt,H,8,3401
h9.txt,H,9,3977
h10.txt,H,10,3756
h11.txt,H,11,3377
h12.txt,H,12,3441
h13.txt,H,13,5568
h14.txt,H,14,5351
h15.txt,H,15,5401
i1.txt,I,1,1687
i2.txt,I,2,2786
i3.txt,I,3,2729
i4.txt,I,4,1350
i5.txt,I,5,2183
i6.txt,I,6,4845
i7.txt,I,7,3351
i8.txt,I,8,1997
i9.txt,I,9,3357
i10.txt,I,10,2229
i11.txt,I,11,1910
i12.txt,I,12,3876
i13.txt,I,13,2681
i14.txt,I,14,1598
i15.txt,I,15,2686
l1.txt,L,1,2004
l2.txt,L,2,1603
l3.txt,L,3,3839
l4.txt,L,4,2217
l5.txt,L,5,4548
l6.txt,L,6,5929
l7.txt,L,7,3883
l8.txt,L,8,3371
l9.txt,L,9,3746
l10.txt,L,10,3305
l11.txt,L,11,3029
l12.txt,L,12,3313
l13.txt,L,13,4549
l14.txt,L,14,4224
l15.txt,L,15,4580
m1.txt,M,1,2053
m2.txt,M,2,2537
m3.txt,M,3,3380
m4.txt,M,4,1612
m5.txt,M,5,2704
m6.txt,M,6,4670
m7.txt,M,7,3736
m8.txt,M,8,2030
m9.txt,M,9,2366
m10.txt,M,10,2806
m11.txt,M,11,1290
m12.txt,M,12,3207
m13.txt,M,13,2030
m14.txt,M,14,4009
m15.txt,M,15,1642
n1.txt,N,1,1816
n2.txt,N,2,1453
n3.txt,N,3,2999
n4.txt,N,4,2044
n5.txt,N,5,3410
n6.txt,N,6,3996
n7.txt,N,7,3197
n8.txt,N,8,1635
n9.txt,N,9,3224
n10.txt,N,10,3255
n11.txt,N,11,2604
n12.txt,N,12,1635
n13.txt,N,13,2728
n14.txt,N,14,2399
n15.txt,N,15,3197
o1.txt,O,1,2222
o2.txt,O,2,2778
o3.txt,O,3,3124
o4.txt,O,4,1924
o5.txt,O,5,2499
o6.txt,O,6,3745
o7.txt,O,7,2996
o8.txt,O,8,2405
o9.txt,O,9,2187
o10.txt,O,10,2481
o11.txt,O,11,2308
o12.txt,O,12,2335
o13.txt,O,13,3084
o14.txt,O,14,3185
o15.txt,O,15,3981
p1.txt,P,1,1324
p2.txt,P,2,2162
p3.txt,P,3,2930
p4.txt,P,4,1521
p5.txt,P,5,3368
p6.txt,P,6,4013
p7.txt,P,7,3060
p8.txt,P,8,1834
p9.txt,P,9,3142
p10.txt,P,10,2823
p11.txt,P,11,2657
p12.txt,P,12,2961
p13.txt,P,13,3387
p14.txt,P,14,3241
p15.txt,P,15,3747
r1.txt,R,1,1752
r2.txt,R,2,2723
r3.txt,R,3,2553
r4.txt,R,4,2190
r5.txt,R,5,3404
r6.txt,R,6,2609
r7.txt,R,7,1807
r8.txt,R,8,2259
r9.txt,R,9,3479
r10.txt,R,10,3154
r11.txt,R,11,1992
r12.txt,R,12,3175
r13.txt,R,13,3103
r14.txt,R,14,3794
r15.txt,R,15,3009
s1.txt,S,1,2242
s2.txt,S,2,2623
s3.txt,S,3,2788
s4.txt,S,4,2039
s5.txt,S,5,2230
s6.txt,S,6,3979
s7.txt,S,7,2954
s8.txt,S,8,2383
s9.txt,S,9,2390
s10.txt,S,10,2860
s11.txt,S,11,2347
s12.txt,S,12,2756
s13.txt,S,13,3732
s14.txt,S,14,2205
s15.txt,S,15,3888
t1.txt,T,1,1597
t2.txt,T,2,2748
t3.txt,T,3,2683
t4.txt,T,4,2344
t5.txt,T,5,2302
t6.txt,T,6,4277
t7.txt,T,7,3295
t8.txt,T,8,2815
t9.txt,T,9,2678
t10.txt,T,10,2477
t11.txt,T,11,2050
t12.txt,T,12,2478
t13.txt,T,13,3559
t14.txt,T,14,2948
t15.txt,T,15,3685
u1.txt,U,1,1851
u2.txt,U,2,1849
u3.txt,U,3,2734
u4.txt,U,4,2089
u5.txt,U,5,5662
u6.txt,U,6,7078
u7.txt,U,7,3417
u8.txt,U,8,2613
u9.txt,U,9,2090
u10.txt,U,10,3399
u11.txt,U,11,3163
u12.txt,U,12,2530
u13.txt,U,13,3631
u14.txt,U,14,2972
u15.txt,U,15,3715
v1.txt,V,1,2516
v2.txt,V,2,3145
v3.txt,V,3,3342
v4.txt,V,4,2674
v5.txt,V,5,4630
v6.txt,V,6,3896
v7.txt,V,7,3117
v8.txt,V,8,2394
v9.txt,V,9,2339
v10.txt,V,10,3302
v11.txt,V,11,2992
v12.txt,V,12,3390
v13.txt,V,13,3470
v14.txt,V,14,4276
v15.txt,V,15,3704
w1.txt,W,1,1899
w2.txt,W,2,3706
w3.txt,W,3,3862
w4.txt,W,4,3159
w5.txt,W,5,4951
w6.txt,W,6,6589
w7.txt,W,7,4100
w8.txt,W,8,5620
w9.txt,W,9,3308
w10.txt,W,10,3671
w11.txt,W,11,3432
w12.txt,W,12,3768
w13.txt,W,13,3865
w14.txt,W,14,4490
w15.txt,W,15,4434
y1.txt,Y,1,2385
y2.txt,Y,2,2981
y3.txt,Y,3,3363
y4.txt,Y,4,2609
y5.txt,Y,5,3365
y6.txt,Y,6,5374
y7.txt,Y,7,3331
y8.txt,Y,8,1874
y9.txt,Y,9,2856
y10.txt,Y,10,2690
y11.txt,Y,11,2559
y12.txt,Y,12,2087
y13.txt,Y,13,4299
y14.txt,Y,14,2692
y15.txt,Y,15,2665
